 ,1,2,3,4,5,6,7,8,9,10
0,50,0,0,0,0,0,0,0,0,0
50,0,0,50,50,0,0,0,50,0,0
100,0,0,0,0,50,0,0,0,0,0
150,0,0,0,50,0,0,0,0,0,0
200,0,50,50,0,0,0,0,0,0,50
250,0,50,0,50,50,0,0,0,0,0
300,50,0,0,0,0,0,0,0,0,0
350,0,50,50,0,0,0,0,0,50,0
400,50,0,0,0,0,0,0,50,0,0
450,0,50,0,0,50,0,0,50,0,0
500,0,0,0,0,50,50,0,0,0,0
550,50,50,0,0,0,0,0,0,0,50
600,0,0,0,50,0,0,0,0,0,0
650,0,0,0,0,0,0,0,0,0,50
700,0,0,0,0,0,0,0,0,0,50
750,50,0,0,0,0,50,0,50,0,0
800,0,0,0,0,0,0,0,50,0,0
850,0,0,0,0,0,0,50,0,0,50
900,0,0,0,0,50,0,0,50,0,0
950,50,0,0,0,0,50,0,50,0,0
1000,0,0,0,0,50,0,0,0,0,0
1050,0,0,0,0,50,0,0,0,0,0
1100,0,50,50,0,50,0,0,0,0,0
1150,0,50,0,0,0,0,0,0,0,0
1200,0,0,0,50,0,0,0,0,0,0
1250,0,50,0,50,50,0,0,0,0,50
1300,50,0,0,0,0,0,50,0,50,0
1350,50,0,0,0,0,0,0,50,0,50
1400,50,0,0,0,0,50,0,0,0,0
1450,0,0,0,50,0,0,0,0,0,0
1500,0,0,0,0,0,0,0,50,0,0
1550,0,0,0,50,0,0,50,0,0,0
1600,0,0,50,0,50,0,0,50,0,0
1650,0,0,50,50,0,0,0,0,0,0
1700,0,0,50,0,50,50,0,0,50,0
1750,0,0,0,0,50,0,0,0,0,50
1800,0,0,0,50,0,0,50,0,50,0
1850,0,50,50,0,0,50,0,50,50,50
1900,0,0,0,0,0,0,50,0,0,50
1950,0,50,50,0,0,0,0,0,0,0
2000,0,50,50,0,0,0,0,0,0,0
2050,50,0,0,0,0,50,0,0,0,0
2100,0,0,0,0,0,0,0,0,50,0
2150,0,0,0,50,0,0,0,0,0,0
2200,50,0,0,0,0,0,0,50,0,50
2250,0,0,50,0,0,0,0,0,0,0
2300,0,50,0,0,0,0,0,0,0,50
2350,0,50,0,0,0,50,0,0,0,0
2400,0,0,0,0,0,0,0,50,0,0
2450,0,0,0,0,0,50,0,50,0,0
2500,50,0,0,0,50,0,0,0,0,0
2550,0,0,0,0,0,0,0,0,50,0
2600,0,0,50,50,50,50,0,0,0,0
2650,50,0,0,0,0,0,0,0,0,0
2700,0,0,0,0,0,0,0,50,0,0
2750,50,0,0,0,0,0,50,0,0,0
2800,0,0,0,0,0,0,0,0,0,0
2850,0,0,50,50,0,0,0,0,0,50
2900,0,0,0,0,0,0,0,0,0,50
2950,0,0,0,0,0,0,50,0,0,0
3000,0,0,50,0,0,0,0,50,0,0
3050,0,50,0,0,50,0,0,50,0,50
3100,0,50,50,50,0,50,0,50,0,50
3150,0,0,0,0,0,0,50,50,0,0
3200,0,50,0,0,0,50,0,0,0,0
3250,0,0,0,0,50,50,0,0,50,0
3300,50,0,0,0,0,0,0,0,0,0
3350,0,0,50,0,0,50,0,0,0,0
3400,0,50,0,0,50,0,0,0,0,0
3450,0,50,0,0,50,0,0,0,0,0
3500,50,0,0,0,0,50,0,0,0,50
3550,0,50,0,0,0,0,0,50,0,0
3600,50,0,0,0,0,0,0,50,0,0
3650,0,50,0,50,50,0,50,0,0,50
3700,0,50,0,0,50,0,0,0,50,0
3750,0,50,0,0,0,0,0,0,0,0
3800,0,50,0,0,0,0,0,0,0,0
3850,50,0,50,0,50,0,0,0,50,50
3900,0,0,0,0,0,0,0,0,0,50
3950,0,50,0,50,0,0,0,50,0,0
4000,0,0,50,50,0,0,0,0,0,0
4050,0,0,0,0,0,0,0,0,0,0
4100,50,0,0,0,0,0,0,0,0,50
4150,0,0,0,0,0,50,0,0,0,0
4200,0,50,0,0,0,50,0,0,0,0
4250,0,0,0,0,0,0,50,0,0,0
4300,0,0,0,0,0,0,0,0,0,0
4350,0,50,50,0,0,0,50,0,50,0
4400,0,0,0,0,0,50,50,0,0,0
4450,50,0,0,50,50,0,0,0,0,0
4500,50,50,0,0,50,0,0,0,0,0
4550,0,0,0,0,0,0,50,0,0,0
4600,0,0,50,0,0,0,0,0,0,50
4650,50,0,0,0,0,0,0,0,0,0
4700,0,0,0,0,0,0,0,0,0,0
4750,0,0,0,0,0,0,0,0,0,50
4800,0,0,50,0,0,0,0,0,0,0
4850,0,0,0,0,0,0,0,0,0,0
4900,50,0,0,0,0,0,0,0,50,0
4950,50,0,0,0,0,0,50,0,0,0
5000,0,50,0,0,50,0,0,50,0,50
5050,0,50,0,50,0,0,50,0,0,0
5100,0,0,0,0,0,0,0,0,0,0
5150,0,0,0,0,0,0,0,50,0,50
5200,0,0,0,0,0,50,0,0,0,0
5250,0,0,0,0,0,50,0,50,0,0
5300,0,50,0,0,0,0,0,0,0,0
5350,0,0,50,0,0,0,0,50,0,0
5400,0,0,0,0,0,0,0,0,0,0
5450,0,0,50,50,0,0,0,0,0,50
5500,0,0,0,0,0,0,0,0,0,50
5550,0,0,50,0,0,0,0,50,0,0
5600,0,0,0,0,0,0,50,0,0,0
5650,50,0,50,0,0,0,50,0,50,0
5700,0,50,0,0,50,0,0,0,0,0
5750,0,0,0,0,50,0,0,0,50,0
5800,0,0,0,0,0,50,0,0,0,0
5850,0,50,50,0,50,0,0,50,0,0
5900,0,50,0,0,0,50,0,0,0,0
5950,0,0,0,0,0,0,0,50,0,0
6000,50,0,0,0,0,0,0,0,0,0
6050,0,50,0,0,0,0,0,0,0,0
6100,0,0,0,0,0,0,0,0,0,0
6150,0,0,0,0,0,0,0,0,0,0
6200,0,0,0,0,0,0,0,0,0,0
6250,0,0,0,0,0,0,50,0,0,0
6300,0,0,0,0,0,0,0,0,0,0
6350,0,0,0,0,0,0,0,0,0,0
6400,50,0,0,0,0,0,50,0,0,0
6450,0,0,0,0,0,0,0,50,0,0
6500,0,0,0,0,0,0,0,0,0,0
6550,0,0,0,0,0,0,0,0,0,0
6600,0,0,0,0,0,0,0,0,0,0
6650,0,0,0,0,0,0,0,0,0,0
6700,0,0,0,0,0,0,0,0,0,0
6750,0,0,0,0,0,0,0,0,0,0
6800,0,0,0,0,50,0,0,0,0,0
6850,0,0,0,0,0,0,0,50,50,0
6900,50,0,0,0,0,0,0,0,0,0
6950,0,0,0,0,0,0,0,0,0,0
7000,0,0,0,50,0,0,0,0,0,0
7050,0,0,0,0,0,0,0,0,0,0
7100,0,0,0,0,0,0,0,50,0,0
7150,0,0,0,0,0,0,0,0,0,0
7200,0,0,0,0,0,0,0,0,0,0
7250,0,0,0,0,0,0,0,0,0,0
7300,0,0,0,0,0,0,0,0,0,0
7350,0,0,0,0,0,0,0,0,0,0
7400,0,0,0,0,0,0,0,0,0,0
7450,0,0,0,0,0,0,0,0,0,0
7500,0,0,0,0,0,0,0,0,0,0
7550,0,0,0,0,0,0,0,0,0,0
7600,0,0,0,0,0,0,0,0,0,0
7650,0,0,0,0,0,0,0,0,0,0
7700,0,0,0,0,0,0,0,0,0,0
7750,0,0,0,0,0,0,0,0,0,0
7800,0,0,0,0,0,0,0,0,0,0
7850,0,0,0,0,0,0,0,0,0,0
7900,0,0,0,0,0,0,0,0,0,0
7950,0,0,0,0,0,0,0,0,0,0
8000,0,0,0,0,0,0,0,0,0,0
8050,0,0,0,0,0,0,0,0,0,0
8100,0,0,0,0,0,0,0,0,0,0
8150,0,0,0,0,0,0,0,0,0,0
8200,0,0,0,0,0,0,0,0,0,0
8250,0,0,0,0,0,0,0,0,0,0
8300,0,0,0,0,0,0,0,0,0,0
8350,0,0,0,0,0,0,0,0,0,0
8400,0,0,0,0,0,0,0,0,0,0
8450,0,0,0,0,0,0,0,0,0,0
8500,0,0,0,0,0,0,0,0,0,0
8550,0,0,0,0,0,0,0,0,0,0
8600,0,0,50,0,0,0,0,0,0,50
8650,0,0,0,0,0,0,0,0,0,0
8700,0,0,0,0,0,0,0,0,0,0
8750,0,0,0,0,0,0,0,0,0,0
8800,0,0,0,0,0,0,0,0,0,0
8850,0,0,0,0,0,0,0,0,0,0
8900,0,0,0,0,0,0,0,0,0,0
8950,0,0,0,0,0,0,0,0,0,0
9000,0,0,0,0,0,0,0,0,0,0
9050,0,0,0,0,0,0,0,0,0,0
9100,0,0,0,0,0,0,0,0,0,0
9150,0,0,0,0,0,0,0,0,0,0
9200,0,0,0,0,0,0,0,0,0,0
9250,0,0,0,0,0,0,0,0,0,0
9300,0,0,0,0,0,0,0,0,0,0
9350,0,0,0,0,0,0,0,0,0,0
9400,0,0,0,0,0,0,0,0,0,0
9450,0,0,0,0,0,0,0,0,0,0
9500,0,0,0,0,0,0,0,0,0,0
9550,0,0,0,0,0,0,0,0,0,0
9600,0,0,0,0,0,0,0,0,0,0
9650,0,0,0,0,0,0,0,0,0,0
9700,0,0,0,0,0,0,0,0,0,0
9750,50,0,0,0,0,0,0,0,0,0
9800,0,0,0,0,0,0,0,0,0,0
9850,0,0,0,0,0,0,0,0,0,0
9900,0,0,0,0,0,0,0,0,0,0
9950,0,0,0,0,0,0,0,0,0,0
10000,50,50,0,0,0,50,50,0,0,50
10050,0,0,0,0,0,0,0,50,50,50
10100,0,0,0,0,0,0,50,0,50,0
10150,0,0,0,0,0,0,50,0,0,0
10200,0,0,0,0,0,0,0,0,0,0
10250,0,0,0,0,0,0,0,0,0,0
10300,0,0,0,0,50,0,0,0,0,0
10350,0,50,0,0,0,0,0,0,50,0
10400,0,0,0,0,0,0,0,0,0,0
10450,0,0,50,0,0,0,0,0,0,0
10500,0,0,0,50,50,50,0,0,0,0
10550,0,0,0,0,0,0,50,0,0,0
10600,0,50,0,0,50,50,0,50,0,0
10650,0,0,50,0,0,0,0,50,0,50
10700,0,0,50,50,50,0,50,50,0,0
10750,0,0,0,0,0,0,0,0,50,0
10800,0,50,0,0,0,50,0,50,0,0
10850,0,50,0,0,0,0,0,50,0,50
10900,0,0,50,0,0,0,0,0,0,0
10950,0,0,0,0,50,0,0,50,50,0
11000,0,0,50,50,50,50,0,0,0,0
11050,0,0,0,0,0,0,50,0,0,50
11100,0,0,50,0,0,0,0,0,0,0
11150,0,0,0,50,0,0,0,50,0,0
11200,0,0,50,50,0,0,50,0,0,0
11250,0,0,50,0,0,0,0,0,0,0
11300,0,0,0,0,0,0,0,0,0,0
11350,0,0,0,50,50,0,0,0,50,0
11400,0,0,0,0,50,0,0,50,0,0
11450,0,0,0,0,0,0,0,0,50,50
11500,50,50,50,50,0,0,0,0,50,0
11550,0,0,0,0,0,0,0,0,0,50
11600,0,0,0,50,0,0,0,0,0,0
11650,50,0,0,0,0,50,0,0,0,0
11700,50,0,0,0,0,0,50,0,0,0
11750,0,0,0,0,0,0,0,50,0,0
11800,0,0,0,50,0,0,0,50,50,0
11850,0,0,0,0,0,0,0,0,0,0
11900,0,0,0,50,0,0,0,0,0,0
11950,0,50,0,50,0,50,0,0,0,0
12000,0,0,0,50,50,50,0,0,0,0
12050,0,50,0,0,0,0,50,0,50,50
12100,0,0,0,0,50,0,0,0,0,0
12150,0,0,0,0,50,0,0,0,0,0
12200,0,0,0,0,0,0,0,50,0,0
12250,0,0,50,50,0,0,0,0,50,0
12300,0,0,0,0,0,0,50,0,0,50
12350,0,0,0,0,0,0,0,0,50,0
12400,0,0,0,50,0,50,0,0,50,0
12450,0,50,50,50,0,50,0,0,50,0
12500,0,0,0,0,0,0,50,0,0,0
12550,50,50,0,0,50,0,0,0,0,0
12600,50,50,0,50,0,50,0,0,50,50
12650,0,50,50,50,50,0,0,0,0,0
12700,0,0,0,0,0,50,50,0,0,0
12750,0,0,0,50,0,0,0,0,0,50
12800,0,50,50,0,50,0,0,0,50,50
12850,0,50,50,50,50,0,0,0,50,0
12900,50,0,50,50,0,50,50,0,0,0
12950,0,0,0,0,50,50,0,0,0,0
13000,0,0,0,0,0,0,0,0,0,0
13050,50,0,0,0,0,50,0,0,0,0
13100,0,0,0,0,50,0,50,0,0,0
13150,0,50,0,50,0,0,0,0,0,50
13200,0,0,50,50,50,50,0,0,0,0
13250,0,0,0,0,0,0,0,0,0,0
13300,50,0,0,0,0,0,0,0,0,0
13350,0,0,0,0,50,0,0,0,50,0
13400,50,0,0,0,0,0,50,0,0,50
13450,0,50,0,0,0,50,50,0,0,0
13500,0,50,0,0,0,0,0,0,0,50
13550,0,50,50,50,0,0,0,0,0,0
13600,0,0,0,0,0,50,0,0,50,0
13650,0,50,0,0,50,0,0,0,50,50
13700,50,0,0,0,0,0,0,0,0,0
13750,0,0,0,50,0,0,0,0,0,0
13800,0,0,0,0,0,0,0,0,0,0
13850,0,50,0,50,0,0,0,0,0,0
13900,0,50,50,0,50,50,50,0,50,0
13950,0,0,50,0,0,50,0,50,50,0
14000,0,0,0,0,0,0,0,0,0,0
14050,0,0,0,0,50,0,0,0,0,0
14100,0,0,0,0,0,50,0,0,0,0
14150,0,0,0,0,0,0,0,0,0,0
14200,0,0,0,0,0,0,0,0,0,0
14250,0,0,0,0,0,0,0,0,0,0
14300,0,0,0,0,0,50,0,0,0,0
14350,0,0,0,0,0,0,0,0,0,0
14400,0,0,50,0,0,0,0,0,0,0
14450,0,0,0,0,0,0,0,0,0,0
14500,0,0,0,0,0,0,0,0,0,0
14550,0,0,0,0,0,0,0,0,0,0
14600,0,0,0,0,0,0,0,0,0,0
14650,0,0,0,0,0,0,0,0,0,0
14700,0,0,0,0,0,0,0,0,0,0
14750,0,0,0,0,0,0,0,0,0,0
14800,50,0,50,0,0,0,0,0,0,0
14850,0,0,0,0,0,0,0,0,0,0
14900,0,0,0,0,0,0,0,0,0,0
14950,0,0,0,0,0,0,0,0,0,0
15000,0,0,0,0,0,0,0,0,0,0
15050,0,0,0,0,0,0,0,0,0,0
15100,0,0,0,0,0,0,0,0,0,0
15150,0,0,0,0,0,0,0,0,0,0
15200,0,0,0,0,0,0,0,0,0,0
15250,0,0,0,0,0,0,0,0,0,0
15300,0,0,0,0,0,0,0,0,0,0
15350,0,0,0,0,0,0,0,0,0,0
15400,0,0,0,0,0,0,0,0,0,0
15450,0,0,0,0,0,50,0,0,0,0
15500,0,50,0,0,0,0,0,0,0,0
15550,0,0,0,0,0,0,0,0,0,0
15600,0,0,0,0,0,0,0,0,0,0
15650,0,50,0,0,0,0,0,0,0,0
15700,0,0,0,0,0,0,0,0,0,0
15750,0,0,0,0,0,0,0,0,0,0
15800,0,0,0,0,0,0,0,0,0,0
15850,0,0,0,50,0,0,0,0,0,0
15900,0,0,0,0,0,0,0,0,0,0
15950,0,0,0,0,0,0,0,0,0,0
16000,0,0,0,0,0,0,0,0,0,0
16050,0,0,0,0,0,0,0,0,0,0
16100,0,0,0,0,0,0,0,0,0,0
16150,0,0,0,0,0,0,0,0,0,50
16200,0,0,0,0,0,0,0,0,0,0
16250,0,0,0,0,0,0,0,0,0,0
16300,0,0,0,0,0,0,0,0,0,0
16350,0,0,0,0,0,0,0,0,0,0
16400,0,0,0,0,0,0,0,0,0,0
16450,0,0,0,0,0,0,0,0,0,0
16500,0,0,0,0,0,0,0,0,0,0
16550,0,0,0,0,0,0,0,0,0,0
16600,0,0,0,0,0,0,50,0,0,0
16650,0,0,0,0,0,0,0,50,0,0
16700,0,0,0,0,0,0,0,0,0,0
16750,0,0,0,0,0,0,0,0,0,0
16800,0,0,0,0,0,0,0,0,0,0
16850,0,0,0,0,0,0,0,0,0,0
16900,0,0,0,0,0,0,0,0,0,0
16950,0,0,0,0,0,0,0,0,0,0
17000,0,0,0,0,50,0,0,0,0,0
17050,0,0,0,0,0,0,0,0,0,0
17100,0,0,0,0,0,0,0,0,0,0
17150,0,0,0,0,0,0,0,0,0,0
17200,0,0,0,0,0,0,0,0,0,0
17250,0,0,0,0,0,0,0,0,0,0
17300,0,0,0,0,0,0,0,0,0,0
17350,0,0,0,0,0,0,0,0,0,0
17400,0,0,0,0,0,0,0,0,0,0
17450,0,0,0,0,0,0,0,0,0,0
17500,0,0,0,0,0,0,0,0,0,0
17550,0,0,0,0,0,0,50,0,0,0
17600,0,0,0,0,0,0,0,0,0,0
17650,0,0,0,0,0,0,0,0,0,0
17700,0,0,0,0,0,0,0,0,0,0
17750,0,50,0,0,0,0,0,0,0,0
17800,0,0,0,0,0,0,0,0,0,0
17850,0,0,50,0,0,0,0,0,0,0
17900,0,0,0,0,0,0,0,0,0,0
17950,0,0,0,0,0,0,0,0,50,0
18000,50,50,0,0,0,0,0,0,0,50
18050,0,50,0,0,0,0,0,50,0,50
18100,0,0,0,0,50,0,0,0,0,0
18150,0,0,0,0,50,0,0,0,0,0
18200,0,0,0,0,0,50,0,0,50,0
18250,0,0,0,0,0,0,0,0,0,0
18300,0,0,0,0,0,0,0,0,0,0
18350,0,0,50,0,0,0,0,0,50,0
18400,0,0,0,0,0,0,0,0,50,50
18450,0,0,0,0,0,0,0,0,0,0
18500,0,50,50,0,0,0,0,0,50,0
18550,0,0,0,0,0,0,0,0,0,50
18600,50,0,0,50,0,0,50,50,0,50
18650,0,0,0,0,0,0,0,0,0,0
18700,50,0,50,0,0,0,0,0,50,50
18750,0,50,0,0,0,0,0,0,50,0
18800,0,0,0,0,0,0,0,0,50,0
18850,0,0,50,50,0,0,0,50,0,0
18900,0,0,0,0,0,50,50,0,0,0
18950,50,0,0,50,50,50,0,0,50,50
19000,0,0,0,0,50,0,0,0,0,50
19050,0,0,0,50,0,0,0,0,50,0
19100,0,0,0,50,0,50,0,50,0,0
19150,0,50,0,0,0,0,0,0,0,0
19200,0,0,50,0,0,0,0,0,0,50
19250,50,0,50,50,0,0,50,0,0,0
19300,0,50,0,0,50,50,0,0,0,0
19350,0,50,0,0,0,0,50,0,50,0
19400,0,0,0,0,0,50,0,0,0,0
19450,0,0,0,0,0,0,50,0,0,50
19500,0,0,50,0,0,50,0,50,0,0
19550,0,0,50,50,0,0,0,50,0,0
19600,0,0,50,0,0,50,0,0,0,0
19650,0,0,0,0,50,0,0,0,0,0
19700,0,0,0,0,50,0,50,50,50,50
19750,0,50,0,50,0,0,0,0,0,50
19800,0,0,50,0,0,0,0,50,50,0
19850,50,0,0,50,0,0,0,0,0,0
19900,0,50,0,0,0,0,50,0,0,50
19950,50,0,0,50,0,0,50,0,0,0
20000,50,0,0,0,0,0,0,0,0,0
20050,0,0,0,0,0,0,0,0,0,0
20100,0,0,0,0,0,0,0,50,0,0
20150,0,0,0,0,0,0,0,0,0,0
20200,0,0,0,0,0,0,0,0,0,0
20250,0,0,0,0,0,0,0,0,0,0
20300,0,0,0,0,0,0,0,0,0,0
20350,0,0,0,0,0,0,0,0,0,0
20400,0,0,0,0,0,0,0,0,0,0
20450,0,0,0,0,0,0,0,0,0,0
20500,0,0,0,0,50,0,0,0,0,0
20550,0,0,0,0,0,0,0,0,0,0
20600,0,0,0,0,0,0,0,0,0,0
20650,0,0,0,0,0,0,0,0,0,0
20700,0,0,0,0,0,0,0,0,0,0
20750,0,0,0,0,50,0,0,0,0,0
20800,0,0,0,0,0,0,0,0,0,0
20850,0,0,0,0,0,0,0,0,0,0
20900,0,0,0,0,0,0,0,0,0,0
20950,0,0,0,0,0,0,0,0,0,0
21000,0,0,0,0,0,0,0,0,0,0
21050,0,0,0,0,0,0,0,0,0,0
21100,0,0,0,0,0,0,0,0,0,0
21150,0,0,0,0,0,0,0,0,0,0
21200,0,0,0,0,0,0,0,0,0,0
21250,0,0,0,0,0,0,0,0,0,0
21300,0,0,0,0,50,0,0,50,0,0
21350,0,0,0,0,0,0,0,0,0,0
21400,0,0,0,0,0,0,0,0,0,0
21450,0,0,0,0,0,0,0,0,0,0
21500,0,0,0,0,0,0,0,0,0,0
21550,0,0,0,0,0,0,0,0,0,0
21600,0,0,0,0,0,0,0,0,0,0
21650,0,0,0,0,0,0,0,0,0,0
21700,0,0,0,0,0,0,0,0,0,0
21750,0,0,0,0,50,0,0,0,0,0
21800,0,0,0,0,0,0,0,0,0,0
21850,0,0,0,0,0,0,0,0,0,0
21900,0,0,0,0,0,0,0,0,0,0
21950,0,0,0,0,0,0,0,0,0,0
22000,0,0,0,0,0,0,0,0,0,0
22050,0,0,0,0,0,0,0,0,0,0
22100,0,0,0,0,0,0,0,0,0,0
22150,0,0,0,0,0,0,0,0,0,0
22200,0,0,0,0,50,0,0,0,0,0
22250,0,0,0,0,0,50,0,0,0,0
22300,0,0,0,0,0,0,0,0,0,0
22350,0,0,0,0,0,0,0,0,0,0
22400,0,0,0,0,0,0,0,0,0,0
22450,0,0,0,0,0,0,0,0,0,0
22500,0,0,0,0,0,0,0,0,0,0
22550,0,0,0,0,0,0,0,0,0,0
22600,0,0,0,0,0,0,0,0,0,0
22650,0,0,0,0,0,0,0,0,0,0
22700,0,0,0,50,0,0,0,0,0,0
22750,0,0,0,0,0,0,0,0,0,0
22800,0,0,0,0,0,0,0,0,0,0
22850,0,0,0,0,0,0,0,0,0,0
22900,0,0,0,0,0,0,0,0,0,0
22950,0,0,0,0,0,0,0,0,0,0
23000,0,0,0,0,0,0,0,0,0,50
23050,0,0,0,0,0,0,0,0,0,0
23100,0,0,0,0,0,0,0,0,0,0
23150,0,0,0,0,0,0,0,0,0,0
23200,0,0,0,0,0,0,0,0,0,0
23250,0,0,0,0,0,0,0,0,0,0
23300,0,0,0,0,0,0,0,0,0,0
23350,0,0,0,0,0,0,0,0,0,0
23400,50,0,0,0,0,0,0,0,0,0
23450,0,0,0,0,0,0,0,0,0,0
23500,0,0,0,0,0,0,0,0,0,0
23550,0,0,0,0,0,0,0,0,0,0
23600,0,0,0,0,0,0,0,0,0,0
23650,0,0,0,0,0,0,0,0,0,0
23700,0,0,0,0,0,0,0,0,0,0
23750,0,0,0,0,0,0,0,0,0,0
23800,0,0,0,0,0,0,0,0,0,0
23850,0,0,0,0,0,0,0,0,0,0
23900,0,0,0,0,0,0,0,0,0,0
23950,0,0,0,0,0,0,0,0,0,0
24000,0,50,0,0,0,50,0,0,0,0
24050,0,50,0,0,0,0,0,50,0,0
24100,0,50,0,50,0,50,0,0,0,0
24150,50,50,50,50,0,0,50,50,0,0
24200,0,0,50,0,0,0,0,0,50,0
24250,0,0,0,0,0,0,0,50,50,0
24300,50,0,0,50,0,50,0,0,0,0
24350,0,0,0,0,50,0,0,0,0,0
24400,0,50,50,0,50,0,0,0,0,0
24450,50,0,50,50,0,0,0,50,0,0
24500,50,50,50,0,0,0,0,50,50,0
24550,0,0,50,0,50,50,0,0,50,0
24600,50,0,0,0,0,50,0,0,0,0
24650,50,0,0,0,0,0,50,0,50,50
24700,0,0,0,0,0,0,0,0,50,0
24750,0,0,0,0,0,0,50,0,0,0
24800,50,0,0,0,0,50,0,50,0,0
24850,0,0,0,50,0,0,0,0,0,0
24900,0,0,0,0,0,0,50,50,0,50
24950,0,0,0,0,0,0,0,0,0,0
25000,0,0,50,0,0,0,0,0,0,0
25050,0,0,0,0,0,0,0,50,0,50
25100,0,50,0,50,0,0,0,0,0,0
25150,50,0,0,0,0,0,50,50,50,0
25200,0,0,50,0,50,50,0,50,0,50
25250,0,50,0,50,50,0,0,0,50,0
25300,0,0,0,0,0,0,0,50,0,50
25350,0,0,0,0,0,0,50,0,0,0
25400,0,0,0,0,0,0,0,0,50,0
25450,0,50,0,50,0,0,0,0,0,0
25500,0,0,0,0,0,0,0,50,0,0
25550,0,0,0,0,0,0,50,50,0,0
25600,0,0,0,0,0,0,0,50,0,0
25650,0,0,0,0,0,0,0,0,0,50
25700,0,50,0,0,0,50,50,0,0,50
25750,50,0,0,0,0,0,0,50,0,0
25800,0,0,0,0,0,0,0,0,0,50
25850,0,50,0,0,0,0,0,0,0,0
25900,50,0,50,50,50,50,0,0,0,0
25950,0,0,0,0,0,0,0,0,0,0
26000,50,0,0,0,0,0,0,0,50,0
26050,50,0,0,0,0,0,0,50,50,0
26100,0,0,0,0,0,0,0,50,0,0
26150,0,0,0,0,50,0,0,0,0,0
26200,0,0,0,0,0,0,0,50,0,0
26250,0,50,0,0,0,0,50,0,0,0
26300,0,0,0,50,0,50,0,0,0,50
26350,0,50,0,0,0,0,50,0,0,0
26400,0,0,0,0,50,0,0,0,0,0
26450,0,50,0,0,0,0,0,0,50,0
26500,0,0,0,0,0,0,0,0,0,0
26550,50,0,50,0,50,0,0,50,50,50
26600,0,50,0,50,50,50,0,50,50,0
26650,50,50,0,0,0,50,0,50,0,50
26700,0,50,0,0,50,0,0,0,50,0
26750,50,50,0,0,0,0,0,0,0,0
26800,0,0,50,0,0,0,50,0,0,0
26850,0,0,0,50,0,0,50,0,0,0
26900,0,0,0,50,0,50,0,0,0,0
26950,0,0,50,0,0,0,50,0,50,0
27000,0,0,0,0,0,0,0,0,0,0
27050,0,50,0,0,50,50,0,50,0,0
27100,0,50,0,0,0,0,50,0,50,0
27150,50,0,0,0,0,0,50,0,0,0
27200,0,0,50,0,0,0,0,0,0,0
27250,0,0,50,0,0,50,50,0,0,0
27300,0,50,50,0,50,0,0,0,0,0
27350,0,50,0,50,0,50,50,50,0,0
27400,0,0,0,0,0,0,50,0,50,50
27450,50,50,0,0,0,0,0,50,50,0
27500,0,0,0,0,0,50,0,0,0,0
27550,0,0,50,50,0,0,50,0,0,0
27600,50,0,50,50,0,0,0,0,0,0
27650,0,0,0,50,0,0,0,50,0,50
27700,0,0,0,0,0,0,0,50,0,0
27750,0,0,0,0,50,0,0,0,0,0
27800,0,0,0,0,0,0,0,0,0,50
27850,0,0,50,50,50,0,50,50,0,0
27900,0,0,0,0,0,0,0,0,0,0
27950,0,50,50,50,0,0,0,50,50,0
28000,0,0,50,0,0,0,0,0,0,0
28050,0,0,0,0,0,0,0,0,0,0
28100,0,0,0,0,0,0,0,0,0,0
28150,0,0,0,0,0,0,0,50,0,0
28200,0,0,0,0,0,0,0,0,0,0
28250,0,0,0,0,0,0,0,0,0,0
28300,0,0,0,0,0,0,0,0,0,0
28350,0,0,0,0,0,0,0,0,0,0
28400,0,0,0,0,0,0,0,0,0,0
28450,0,0,0,0,0,0,0,0,0,0
28500,0,0,0,0,0,0,0,0,0,0
28550,0,0,0,0,0,0,0,0,0,50
28600,0,0,0,0,0,0,0,0,0,0
28650,0,0,0,0,0,50,50,0,0,0
28700,50,0,0,0,0,0,0,0,0,0
28750,0,0,0,0,0,0,0,0,0,0
28800,0,0,0,0,0,0,0,0,0,0
28850,0,0,0,0,0,0,0,0,0,0
28900,0,0,0,0,0,0,0,0,0,0
28950,0,0,0,0,0,0,0,0,0,0
29000,0,0,0,0,0,0,0,0,0,0
29050,0,0,0,0,0,0,0,0,0,0
29100,0,0,0,0,0,0,0,0,0,0
29150,0,0,0,0,0,0,0,0,0,0
29200,0,0,0,0,0,0,0,0,0,0
29250,0,0,0,0,0,0,0,0,0,0
29300,0,0,0,0,0,0,0,0,0,0
29350,0,0,0,0,0,0,0,0,0,0
29400,50,0,0,0,0,0,0,50,50,0
29450,0,0,0,0,0,0,0,0,0,0
29500,0,0,0,0,0,0,0,0,0,0
29550,0,0,0,0,0,0,0,0,50,0
29600,0,0,0,0,0,0,0,0,0,0
29650,0,0,0,0,0,0,0,0,0,0
29700,0,0,0,0,0,0,0,0,0,0
29750,0,0,0,0,0,0,0,0,0,0
29800,50,0,0,0,0,0,0,0,0,0
29850,0,0,0,0,0,0,0,0,0,0
29900,0,0,0,0,0,0,0,0,0,0
29950,0,0,0,0,0,0,50,0,0,0
30000,0,0,0,0,0,0,0,0,0,0
30050,0,0,0,0,0,0,0,0,0,0
30100,0,0,0,0,0,0,0,0,0,0
30150,0,0,0,0,0,0,0,50,0,0
30200,50,0,0,0,0,0,0,0,0,0
30250,0,0,0,0,0,0,0,50,0,0
30300,0,0,0,0,0,0,0,0,0,0
30350,0,0,0,0,0,0,0,50,0,0
30400,0,0,0,0,0,0,0,0,0,0
30450,0,0,0,0,0,0,0,0,0,0
30500,0,0,0,0,0,50,0,0,0,0
30550,0,0,0,0,0,0,0,0,0,0
30600,0,0,0,0,0,0,0,0,0,0
30650,0,0,0,50,0,0,0,0,0,0
30700,0,0,0,0,0,0,0,0,0,0
30750,0,0,0,0,0,0,0,0,0,0
30800,0,0,0,0,0,0,0,0,0,0
30850,0,0,0,0,0,0,0,0,0,0
30900,0,0,0,0,0,0,0,0,0,0
30950,0,0,0,0,0,0,0,0,0,0
31000,0,0,0,0,0,50,0,0,0,0
31050,0,0,0,0,0,0,0,0,0,0
31100,0,0,0,0,0,0,0,0,0,0
31150,0,0,0,0,0,0,0,0,0,0
31200,0,0,0,0,0,0,0,0,0,0
31250,0,0,0,0,0,0,0,0,0,0
31300,0,0,0,0,0,0,0,0,0,0
31350,0,0,0,0,0,0,0,0,0,0
31400,0,0,0,0,0,0,0,0,0,0
31450,0,0,0,0,0,50,0,0,0,50
31500,0,0,0,0,0,0,0,0,0,0
31550,0,0,0,0,0,0,0,0,0,0
31600,0,0,0,0,0,0,0,0,0,0
31650,0,0,0,0,0,0,0,0,0,0
31700,0,0,0,0,0,0,0,0,0,0
31750,0,0,0,0,0,0,0,0,0,0
31800,50,0,0,0,0,0,0,0,0,0
31850,0,0,0,0,0,0,0,0,0,0
31900,0,0,0,0,0,0,0,0,0,0
31950,0,0,0,0,0,0,0,0,0,0
32000,0,0,0,0,0,0,0,0,0,0
32050,0,0,0,0,0,0,0,0,0,0
32100,0,0,0,0,0,0,0,0,50,0
32150,0,0,0,0,0,0,0,0,0,0
32200,0,0,0,0,0,0,0,0,0,0
32250,0,0,0,0,0,0,0,0,0,0
32300,0,0,0,0,0,0,0,0,0,0
32350,0,0,0,0,0,0,0,0,0,0
32400,0,0,0,0,0,0,0,0,0,0
32450,0,0,0,0,0,0,0,0,0,0
32500,0,0,0,0,0,0,50,0,0,0
32550,0,0,0,0,50,50,0,0,0,0
32600,0,0,0,0,0,0,0,0,0,0
32650,0,0,0,0,0,0,0,0,0,0
32700,0,0,0,0,0,0,0,0,0,0
32750,0,0,0,0,0,0,0,0,0,0
32800,0,0,0,0,0,0,0,0,0,0
32850,0,0,0,0,0,0,0,0,0,0
32900,0,0,0,0,0,0,0,0,0,0
32950,0,0,0,0,0,0,0,0,0,0
33000,50,0,0,0,0,50,0,0,0,0
33050,0,0,0,0,0,0,0,0,0,0
33100,0,0,0,0,50,0,0,0,0,0
33150,0,0,0,0,0,0,0,0,0,0
33200,0,0,0,0,0,50,0,0,0,0
33250,0,0,0,0,0,0,0,0,0,0
33300,0,50,0,0,0,0,0,0,0,50
33350,0,0,0,0,0,0,0,0,0,0
33400,0,0,0,0,0,0,0,0,0,0
33450,0,0,0,0,0,0,0,0,0,0
33500,0,0,0,0,0,0,0,0,0,0
33550,0,0,0,0,0,0,0,0,0,0
33600,0,0,0,0,0,0,0,0,0,0
33650,0,0,0,0,0,0,0,0,0,0
33700,0,0,0,0,0,0,0,0,0,0
33750,0,0,0,0,0,50,0,0,0,0
33800,0,50,0,0,0,0,0,0,0,0
33850,0,0,0,0,0,0,50,0,0,0
33900,0,0,0,0,0,0,0,0,0,0
33950,0,0,0,0,0,0,0,0,0,0
34000,50,0,0,0,50,0,0,50,0,50
34050,0,0,0,0,0,0,0,50,50,0
34100,0,0,0,0,0,0,0,0,0,0
34150,0,0,0,0,0,0,0,0,0,0
34200,0,50,0,0,0,0,0,0,0,0
34250,50,0,0,50,0,0,0,0,0,0
34300,0,0,0,0,0,0,50,50,0,0
34350,0,0,0,0,0,0,0,50,50,0
34400,0,50,0,0,0,50,0,0,0,0
34450,0,0,0,0,0,0,0,50,0,50
34500,0,0,0,0,0,0,50,0,0,50
34550,0,0,0,0,50,0,0,0,0,0
34600,0,0,0,50,0,0,0,0,0,50
34650,50,50,0,0,50,0,0,50,0,0
34700,0,50,0,0,0,0,0,0,0,50
34750,50,0,50,0,0,0,0,0,50,50
34800,50,0,50,0,0,50,0,0,0,0
34850,0,50,0,0,0,50,0,0,0,0
34900,0,50,0,0,0,50,50,0,50,0
34950,0,0,50,0,0,0,0,0,0,0
35000,0,50,0,0,0,50,0,0,0,0
35050,0,50,0,0,50,0,0,50,0,0
35100,50,0,50,0,0,0,0,0,0,0
35150,0,0,0,50,0,0,0,0,0,50
35200,0,0,50,0,0,0,0,0,0,0
35250,0,0,0,0,50,0,0,0,0,50
35300,0,50,0,0,50,0,0,0,0,50
35350,50,50,0,0,50,0,0,0,0,0
35400,0,0,0,0,0,0,0,50,50,0
35450,0,0,0,50,0,50,0,50,0,50
35500,50,50,0,0,0,0,0,0,0,50
35550,0,0,0,0,0,0,50,0,0,0
35600,0,0,0,0,0,50,0,0,50,0
35650,50,0,50,50,0,0,0,50,0,0
35700,0,50,0,0,0,50,0,0,0,0
35750,0,0,0,0,0,0,0,0,50,0
35800,50,50,0,0,0,0,0,0,0,0
35850,0,0,0,0,0,0,0,0,0,50
35900,0,50,0,0,0,50,50,50,0,0
35950,50,0,0,50,0,0,0,0,0,0
36000,0,0,0,0,0,0,0,0,50,0
36050,0,0,50,0,0,0,0,0,50,0
36100,50,0,0,50,0,0,0,0,50,0
36150,50,50,50,0,0,0,0,0,0,0
36200,50,50,0,50,0,0,0,50,0,50
36250,0,0,0,0,0,0,0,0,0,0
36300,50,0,0,50,0,0,0,0,0,0
36350,0,50,0,0,0,0,0,0,0,0
36400,0,50,0,50,0,50,0,0,0,50
36450,0,50,0,50,0,0,0,50,0,0
36500,0,50,0,0,0,0,0,50,50,0
36550,0,0,0,0,0,0,0,50,0,0
36600,0,0,0,0,0,50,50,0,0,0
36650,0,0,0,0,50,0,0,0,0,0
36700,0,0,0,50,0,0,0,0,50,0
36750,0,0,0,0,0,0,0,0,0,50
36800,0,0,0,50,0,50,0,0,0,0
36850,0,0,0,0,50,0,0,50,0,0
36900,50,50,0,0,0,0,0,50,0,0
36950,0,50,0,0,0,0,0,50,0,0
37000,0,0,0,0,0,0,0,0,0,0
37050,50,0,0,0,50,0,0,0,0,0
37100,0,0,0,0,0,0,0,0,0,0
37150,50,0,0,0,0,0,50,0,0,0
37200,0,0,50,0,0,50,0,50,0,0
37250,0,0,0,0,0,0,0,50,0,0
37300,0,0,0,0,0,50,0,50,0,0
37350,0,0,0,50,0,0,50,50,50,50
37400,0,0,0,0,0,0,0,50,0,0
37450,50,0,0,0,0,0,0,0,0,0
37500,0,50,0,50,50,50,0,0,0,0
37550,50,0,50,0,50,0,50,0,50,0
37600,0,50,0,0,0,0,0,0,50,0
37650,0,0,0,0,0,0,0,0,0,0
37700,0,0,0,0,0,0,50,0,0,50
37750,50,0,0,0,50,0,0,0,0,0
37800,0,0,0,0,0,50,50,0,0,50
37850,50,0,50,0,50,0,0,0,0,0
37900,50,0,50,0,50,0,0,0,0,0
37950,0,0,50,0,50,0,0,0,0,0
38000,0,0,0,0,0,0,0,0,0,0
38050,0,0,0,0,50,0,0,0,0,0
38100,0,0,0,0,0,50,0,0,0,0
38150,0,0,0,0,0,0,0,0,0,0
38200,0,0,0,0,0,0,0,50,0,0
38250,0,0,0,0,0,0,0,0,0,0
38300,0,0,0,0,0,0,0,0,0,0
38350,0,0,0,0,0,0,0,0,0,0
38400,0,0,0,0,0,0,0,0,0,0
38450,0,0,0,0,0,0,0,0,0,0
38500,0,0,0,0,0,0,0,0,0,0
38550,0,0,0,0,0,0,0,0,0,0
38600,0,0,0,0,0,0,0,0,0,0
38650,0,0,0,0,0,0,0,0,0,0
38700,0,0,0,0,0,0,0,0,0,0
38750,0,0,0,0,0,0,0,0,0,0
38800,0,0,0,0,0,0,0,0,0,0
38850,0,0,0,0,0,0,0,0,0,0
38900,0,0,0,0,0,0,0,0,0,0
38950,0,0,0,0,0,0,0,0,0,0
39000,0,0,0,0,0,0,0,0,0,0
39050,0,0,0,0,0,0,0,0,0,0
39100,0,0,0,0,0,0,0,0,0,0
39150,0,0,0,0,0,0,0,0,0,0
39200,0,0,0,0,0,0,0,0,0,0
39250,0,0,0,0,0,0,0,0,0,0
39300,0,0,0,0,0,0,0,0,0,0
39350,0,50,0,0,0,0,0,0,0,0
39400,0,0,0,0,0,0,0,0,0,0
39450,0,0,0,0,0,0,0,0,0,0
39500,0,0,0,0,0,0,0,0,0,0
39550,0,0,0,0,0,0,0,0,0,0
39600,0,0,0,0,0,0,0,50,0,0
39650,0,0,0,0,0,50,0,0,0,0
39700,0,0,0,0,0,0,0,0,0,0
39750,0,0,0,0,0,0,0,0,0,0
39800,0,0,0,0,0,0,0,0,0,0
39850,0,50,0,0,0,0,0,0,0,0
39900,0,0,0,0,0,0,0,0,0,0
39950,0,0,0,0,0,0,0,0,0,0
40000,0,0,0,0,0,0,0,0,0,0
40050,0,0,0,0,0,0,0,0,0,0
40100,0,0,0,50,0,0,0,0,0,0
40150,0,0,0,0,0,0,0,0,0,0
40200,0,0,0,0,0,0,0,0,0,0
40250,0,0,0,0,0,0,0,0,0,0
40300,0,0,50,0,50,0,0,0,0,0
40350,0,0,0,0,0,50,0,50,0,0
40400,0,0,0,0,0,0,0,0,0,0
40450,0,0,0,0,0,0,0,0,0,0
40500,0,0,0,0,0,0,0,0,0,0
40550,0,0,0,0,0,0,0,0,0,0
40600,0,0,0,0,0,0,0,0,0,0
40650,0,0,0,0,0,0,0,0,0,0
40700,0,0,0,0,0,0,0,0,0,0
40750,0,0,0,0,0,0,0,0,0,0
40800,0,0,0,0,0,0,0,0,0,0
40850,0,0,0,0,0,0,0,0,0,0
40900,0,0,0,0,0,0,0,0,0,0
40950,0,0,0,0,0,0,0,0,0,0
41000,0,0,0,0,0,0,0,0,0,0
41050,0,0,0,0,0,0,0,0,0,0
41100,0,0,50,0,0,0,0,0,0,0
41150,0,0,0,0,0,0,0,0,0,0
41200,0,0,0,0,0,0,0,0,0,0
41250,0,0,0,0,0,0,0,0,0,0
41300,0,0,0,0,0,0,0,0,0,0
41350,0,0,0,0,0,0,0,0,0,50
41400,0,0,0,0,0,0,0,0,0,0
41450,0,0,0,0,0,0,50,0,0,0
41500,0,0,0,0,0,0,0,0,0,0
41550,0,0,0,0,0,0,0,0,0,0
41600,0,0,0,0,0,0,0,0,0,0
41650,0,0,0,0,0,0,0,0,0,50
41700,0,0,0,0,0,0,0,50,0,0
41750,0,0,0,0,0,0,0,0,0,0
41800,0,0,0,0,0,0,0,0,0,0
41850,0,0,0,0,0,0,0,0,0,0
41900,0,0,0,0,0,0,0,0,0,0
41950,50,0,0,0,0,0,0,0,0,0
42000,0,0,0,0,0,0,50,0,0,0
42050,0,0,0,50,0,50,0,50,0,0
42100,0,0,0,0,50,0,0,0,0,0
42150,50,0,50,50,0,50,50,50,0,0
42200,0,0,50,0,0,0,0,0,0,0
42250,0,50,50,0,0,0,0,0,0,0
42300,0,0,0,0,0,50,0,0,0,0
42350,0,50,0,0,0,0,0,0,50,0
42400,0,0,50,50,0,0,0,0,0,0
42450,0,0,0,0,0,0,50,0,0,50
42500,0,0,0,0,0,0,0,0,0,0
42550,0,0,50,50,0,0,0,0,0,0
42600,50,50,0,0,0,0,0,0,0,0
42650,50,50,0,0,0,50,0,0,0,0
42700,0,0,0,50,0,0,0,0,0,0
42750,0,0,0,50,50,0,0,0,0,0
42800,0,0,50,50,0,0,0,50,0,0
42850,0,0,0,0,0,0,0,50,0,0
42900,0,0,0,0,0,0,0,0,0,0
42950,0,0,0,50,0,50,0,0,0,0
43000,0,0,0,0,50,0,0,0,0,0
43050,0,0,0,0,50,50,0,50,50,0
43100,0,0,0,50,50,0,0,0,0,50
43150,50,50,0,0,0,0,0,0,50,50
43200,0,50,0,0,0,50,0,0,0,0
43250,0,0,50,0,50,50,0,0,0,0
43300,50,0,0,0,0,0,0,0,0,0
43350,0,0,50,50,0,0,0,0,0,0
43400,0,0,0,0,0,0,50,0,0,0
43450,0,0,0,0,50,0,0,0,0,0
43500,0,50,50,0,0,50,0,0,0,0
43550,0,0,50,0,0,0,50,0,0,0
43600,0,0,50,0,0,0,0,0,0,0
43650,0,0,0,0,50,0,0,50,0,50
43700,0,50,0,0,50,0,50,0,0,0
43750,0,0,50,0,0,0,0,0,0,0
43800,0,0,0,0,0,0,0,50,50,0
43850,50,0,0,0,0,0,50,0,0,0
43900,0,0,0,0,0,0,0,0,0,0
43950,50,0,50,0,0,0,0,0,0,0
44000,0,0,0,0,0,0,0,0,0,0
44050,0,0,0,0,0,0,0,0,0,0
44100,0,0,0,0,0,0,0,0,0,0
44150,0,0,0,0,0,0,0,0,0,0
44200,0,0,0,0,0,0,0,0,0,0
44250,0,0,0,0,0,0,0,0,0,50
44300,0,0,0,0,0,0,0,0,0,0
44350,0,0,0,0,0,0,0,0,0,0
44400,0,0,0,0,0,0,0,0,0,0
44450,0,0,0,0,0,0,0,0,0,0
44500,0,0,0,0,0,0,0,0,50,0
44550,0,0,0,0,0,0,0,0,0,0
44600,0,50,0,0,0,0,0,0,0,0
44650,0,50,0,0,0,0,0,0,0,0
44700,0,0,0,0,0,0,0,0,0,0
44750,0,0,0,0,0,0,0,0,0,0
44800,0,0,0,0,0,0,0,0,0,0
44850,0,0,0,0,0,0,0,0,0,0
44900,0,0,0,0,0,0,0,0,0,0
44950,0,0,0,0,0,0,0,0,0,0
45000,0,0,0,0,0,0,0,0,0,0
45050,0,0,50,0,0,0,0,0,0,0
45100,0,0,0,0,0,0,0,0,0,0
45150,0,0,0,0,0,0,0,0,0,0
45200,50,0,0,0,0,0,0,0,0,0
45250,0,0,0,0,0,0,0,0,0,0
45300,0,0,0,0,0,0,0,0,0,0
45350,0,0,0,0,0,0,0,0,0,50
45400,0,0,0,0,0,0,0,0,0,0
45450,0,0,0,0,0,0,0,0,0,0
45500,0,0,0,0,0,0,0,0,0,0
45550,0,0,0,0,0,0,0,0,0,0
45600,0,0,0,0,0,0,0,0,0,0
45650,0,0,0,0,0,0,0,0,0,0
45700,0,0,0,0,0,0,0,0,0,0
45750,0,0,0,0,0,0,0,0,0,0
45800,0,0,0,50,0,0,0,0,50,0
45850,0,0,0,0,0,0,0,0,0,0
45900,0,0,0,0,0,0,0,0,0,0
45950,0,0,0,0,0,0,0,0,0,0
46000,0,0,0,0,0,0,0,0,0,0
46050,0,0,0,0,0,0,0,0,0,0
46100,0,0,0,0,0,0,0,0,0,0
46150,0,0,0,0,0,0,0,0,0,0
46200,0,0,0,0,0,50,0,0,0,0
46250,0,0,0,0,0,0,0,0,0,0
46300,0,50,0,0,0,0,0,0,0,0
46350,0,0,0,0,0,0,0,0,0,0
46400,0,0,0,0,0,0,0,0,0,0
46450,0,0,0,0,0,0,0,0,0,0
46500,0,0,0,0,0,0,0,0,0,0
46550,0,0,0,0,0,0,0,0,0,0
46600,0,0,0,0,0,0,0,0,0,0
46650,0,0,0,0,0,0,0,0,0,0
46700,0,0,0,0,0,0,0,0,0,0
46750,0,0,0,0,0,0,0,0,0,0
46800,0,0,0,0,0,0,0,0,0,0
46850,0,0,0,0,0,0,0,0,0,0
46900,0,0,0,0,0,0,0,0,0,0
46950,0,0,0,0,0,0,0,0,0,0
47000,0,0,0,0,0,0,0,0,0,0
47050,0,0,0,0,0,0,0,0,50,0
47100,0,0,0,0,0,0,0,0,50,0
47150,0,0,0,0,0,50,0,0,0,0
47200,0,0,0,0,0,0,0,0,0,0
47250,0,0,0,0,0,0,0,0,0,0
47300,0,0,0,50,0,0,0,0,0,0
47350,0,0,0,0,0,0,0,0,0,0
47400,0,0,0,0,0,50,0,0,0,50
47450,0,0,0,0,0,0,0,0,0,50
47500,0,0,0,0,0,0,0,0,0,0
47550,0,0,0,0,0,0,0,0,0,0
47600,0,0,50,0,0,0,0,0,0,0
47650,0,0,0,0,0,0,0,0,0,0
47700,0,0,0,0,0,0,0,0,0,0
47750,0,0,0,0,0,0,0,0,0,50
47800,0,0,0,0,0,0,0,0,0,0
47850,0,0,0,0,0,0,0,0,0,0
47900,0,0,50,0,0,0,0,0,0,0
47950,0,0,0,0,0,0,0,0,0,0
48000,0,0,0,0,0,0,50,50,0,50
48050,0,0,0,0,0,0,0,0,0,50
48100,0,0,0,0,0,0,50,0,0,0
48150,0,0,0,0,0,0,0,0,50,50
48200,50,50,0,0,0,0,0,0,0,0
48250,0,0,0,50,0,0,0,0,0,50
48300,0,0,0,50,0,0,0,0,50,0
48350,0,0,0,0,0,0,0,0,0,0
48400,0,0,0,0,0,0,0,0,0,0
48450,0,0,0,0,0,0,0,0,0,0
48500,0,0,0,0,0,0,0,0,0,0
48550,0,0,0,0,0,0,50,0,0,0
48600,50,0,0,0,0,0,0,0,0,0
48650,0,0,0,50,0,0,50,0,50,0
48700,0,0,0,0,0,0,0,50,0,0
48750,50,0,0,0,0,0,0,0,0,0
48800,50,50,0,50,0,50,50,0,0,0
48850,0,0,0,0,0,50,50,0,50,0
48900,0,0,0,50,50,50,0,50,50,0
48950,50,50,0,0,0,0,0,0,50,0
49000,0,0,0,0,0,0,50,0,0,0
49050,0,0,0,0,0,0,50,0,0,0
49100,0,0,0,0,50,0,0,0,0,0
49150,50,50,0,0,0,0,0,0,0,0
49200,50,0,0,0,0,0,0,0,0,0
49250,0,0,50,50,0,0,0,0,0,0
49300,0,0,0,0,0,0,0,0,50,0
49350,0,0,0,50,50,0,0,0,0,0
49400,0,0,0,50,0,0,0,0,0,0
49450,0,0,0,0,0,0,50,50,0,50
49500,0,0,0,0,0,50,0,50,50,0
49550,50,0,0,0,0,50,0,0,0,0
49600,0,0,0,50,0,0,0,0,0,50
49650,0,50,50,0,0,0,0,0,50,50
49700,0,0,0,0,50,50,50,50,0,0
49750,0,0,0,0,0,50,0,0,0,0
49800,0,50,0,0,0,50,0,0,50,50
49850,50,0,50,0,0,0,0,0,0,0
49900,0,0,50,0,0,50,0,0,0,50
49950,0,0,0,50,0,0,0,0,50,0
